<asdoc>

<packageRec name='eu.alebianco.air.extensions.analytics.api.null' fullname='eu.alebianco.air.extensions.analytics.api.null'>
<description><![CDATA[
 Project: ANE-Google-Analytics
  Author:  Alessandro Bianco
 Website: http://alessandrobianco.eu
 Twitter: ]]></description>
<alebianco><![CDATA[Created: 22/12/12 01.04
  Copyright © 2013 Alessandro Bianco
 ]]></alebianco>
</packageRec>
<interfaceRec name='IHitBuilder' fullname='eu.alebianco.air.extensions.analytics.api:IHitBuilder' sourcefile='/LocalStorage/AndrewStart/Projects/ANE-Google-Analytics/source/actionscript/default/src/eu/alebianco/air/extensions/analytics/api/IHitBuilder.as' namespace='eu.alebianco.air.extensions.analytics.api' access='public' baseClasses='Object' isFinal='false' isDynamic='false' >
<description><![CDATA[
 An abstract builder.
 <p>Defines common methods shared by all the builders.</p>
 ]]></description>
</interfaceRec>
<method name='create' fullname='eu.alebianco.air.extensions.analytics.api:IHitBuilder/eu.alebianco.air.extensions.analytics.api:IHitBuilder:create' isStatic='false' isFinal='false' isOverride='false'  result_type='eu.alebianco.air.extensions.analytics.api:Hit'>
<description><![CDATA[
	 Builds a Hit with the parameters in this builder.
	 ]]></description>
<return><![CDATA[the data model.
	 ]]></return>
<throws><![CDATA[ArgumentError if some of the data is invalid.
	 ]]></throws>
</method>
<method name='track' fullname='eu.alebianco.air.extensions.analytics.api:IHitBuilder/eu.alebianco.air.extensions.analytics.api:IHitBuilder:track' isStatic='false' isFinal='false' isOverride='false'  result_type='void'>
<description><![CDATA[
	 Sends the generated hit to to Google Analytics.
	 ]]></description>
</method>
<packageRec name='eu.alebianco.air.extensions.analytics.api.null' fullname='eu.alebianco.air.extensions.analytics.api.null'>
<description><![CDATA[
 Project: ANE-Google-Analytics
  Author:  Alessandro Bianco
 Website: http://alessandrobianco.eu
 Twitter: ]]></description>
<alebianco><![CDATA[Created: 22/12/12 00.29
  Copyright © 2013 Alessandro Bianco
 ]]></alebianco>
</packageRec>
<interfaceRec name='Hit' fullname='eu.alebianco.air.extensions.analytics.api:Hit' sourcefile='/LocalStorage/AndrewStart/Projects/ANE-Google-Analytics/source/actionscript/default/src/eu/alebianco/air/extensions/analytics/api/Hit.as' namespace='eu.alebianco.air.extensions.analytics.api' access='public' baseClasses='Object' isFinal='false' isDynamic='false' >
<description><![CDATA[
 Common interface to identify hits.
 ]]></description>
</interfaceRec>
<packageRec name='eu.alebianco.air.extensions.analytics.api.null' fullname='eu.alebianco.air.extensions.analytics.api.null'>
<description><![CDATA[
 Project: ANE-Google-Analytics
  Author:  Alessandro Bianco
 Website: http://alessandrobianco.eu
 Twitter: ]]></description>
<alebianco><![CDATA[Created: 22/12/12 11.41
  Copyright © 2013 Alessandro Bianco
 ]]></alebianco>
</packageRec>
<interfaceRec name='IProduct' fullname='eu.alebianco.air.extensions.analytics.api:IProduct' sourcefile='/LocalStorage/AndrewStart/Projects/ANE-Google-Analytics/source/actionscript/default/src/eu/alebianco/air/extensions/analytics/api/IProduct.as' namespace='eu.alebianco.air.extensions.analytics.api' access='public' baseClasses='Object' isFinal='false' isDynamic='false' >
<description><![CDATA[
 Common interface to identify products.
 ]]></description>
</interfaceRec>
<packageRec name='eu.alebianco.air.extensions.analytics.api.null' fullname='eu.alebianco.air.extensions.analytics.api.null'>
<description><![CDATA[
 Project: ANE-Google-Analytics
  Author:  Alessandro Bianco
 Website: http://alessandrobianco.eu
 Twitter: ]]></description>
<alebianco><![CDATA[Created: 22/12/12 11.41
  Copyright © 2013 Alessandro Bianco
 ]]></alebianco>
</packageRec>
<interfaceRec name='IProductBuilder' fullname='eu.alebianco.air.extensions.analytics.api:IProductBuilder' sourcefile='/LocalStorage/AndrewStart/Projects/ANE-Google-Analytics/source/actionscript/default/src/eu/alebianco/air/extensions/analytics/api/IProductBuilder.as' namespace='eu.alebianco.air.extensions.analytics.api' access='public' baseClasses='Object' isFinal='false' isDynamic='false' >
<description><![CDATA[
 Concrete builder to create a product and add it to a transaction.
 <p>It exposes methods to setup the optional parameters for the product.</p>
 ]]></description>
</interfaceRec>
<method name='add' fullname='eu.alebianco.air.extensions.analytics.api:IProductBuilder/eu.alebianco.air.extensions.analytics.api:IProductBuilder:add' isStatic='false' isFinal='false' isOverride='false'  result_type='eu.alebianco.air.extensions.analytics.api:ITransactionBuilder'>
<description><![CDATA[
	 Adds the generated product to the transaction that created it.
	 ]]></description>
<return><![CDATA[the transaction builder which generated the product.
	 ]]></return>
</method>
<method name='create' fullname='eu.alebianco.air.extensions.analytics.api:IProductBuilder/eu.alebianco.air.extensions.analytics.api:IProductBuilder:create' isStatic='false' isFinal='false' isOverride='false'  result_type='eu.alebianco.air.extensions.analytics.api:IProduct'>
<description><![CDATA[
	 Builds a Product with the parameters in this builder.
	 ]]></description>
<return><![CDATA[a new product.
	 ]]></return>
<throws><![CDATA[ArgumentError if product sku  or name are null or empty
	 ]]></throws>
</method>
<method name='inCategory' fullname='eu.alebianco.air.extensions.analytics.api:IProductBuilder/eu.alebianco.air.extensions.analytics.api:IProductBuilder:inCategory' isStatic='false' isFinal='false' isOverride='false'  param_names='category' param_types='String' param_defaults='undefined' result_type='eu.alebianco.air.extensions.analytics.api:IProductBuilder'>
<description><![CDATA[
	 Sets the product category.
	 ]]></description>
<param><![CDATA[category  the new value for category.
	 ]]></param>
<return><![CDATA[itself
	 ]]></return>
</method>
<packageRec name='eu.alebianco.air.extensions.analytics.api.null' fullname='eu.alebianco.air.extensions.analytics.api.null'>
<description><![CDATA[
 Project: ANE-Google-Analytics
  Author:  Alessandro Bianco
 Website: http://alessandrobianco.eu
 Twitter: ]]></description>
<alebianco><![CDATA[Created: 21/12/12 18.43
  Copyright © 2013 Alessandro Bianco
 ]]></alebianco>
</packageRec>
<interfaceRec name='ITracker' fullname='eu.alebianco.air.extensions.analytics.api:ITracker' sourcefile='/LocalStorage/AndrewStart/Projects/ANE-Google-Analytics/source/actionscript/default/src/eu/alebianco/air/extensions/analytics/api/ITracker.as' namespace='eu.alebianco.air.extensions.analytics.api' access='public' baseClasses='eu.alebianco.core:IDisposable' isFinal='false' isDynamic='false' >
<description><![CDATA[
 Tracks screens, events, transactions, timing, and exceptions data to the requested Google Analytics account.
 ]]></description>
</interfaceRec>
<method name='buildEvent' fullname='eu.alebianco.air.extensions.analytics.api:ITracker/eu.alebianco.air.extensions.analytics.api:ITracker:buildEvent' isStatic='false' isFinal='false' isOverride='false'  param_names='category;action' param_types='String;String' param_defaults='undefined;undefined' result_type='eu.alebianco.air.extensions.analytics.api:IEventBuilder'>
<description><![CDATA[
	 Creates a builder, with the mandatory parameters, to setup all the model fields for an Event hit and then sending it.
	 <p>Events can be used to track events such as button presses or other user interactions with your application.</p>
	 ]]></description>
<example><![CDATA[<listing version="3.0">
	 var tracker:ITracker = Analytics.getInstance().getTracker("UA-0000-0");
	 tracker.buildEvent("click", "button").withLabel("stop").withValue(2).track();
	 </listing>
	 ]]></example>
<param><![CDATA[category the event category.
	 ]]></param>
<param><![CDATA[action the event action.
	 ]]></param>
<return><![CDATA[a builder to help setup the optional fields and send the hit.
	 ]]></return>
<see><![CDATA[IEventBuilder
	 ]]></see>
<see><![CDATA[https://developers.google.com/analytics/devguides/collection/ios/v2/events
	 ]]></see>
</method>
<method name='buildException' fullname='eu.alebianco.air.extensions.analytics.api:ITracker/eu.alebianco.air.extensions.analytics.api:ITracker:buildException' isStatic='false' isFinal='false' isOverride='false'  param_names='fatal' param_types='Boolean' param_defaults='undefined' result_type='eu.alebianco.air.extensions.analytics.api:IExceptionBuilder'>
<description><![CDATA[
	 Creates a builder, with the mandatory parameters, to setup all the model fields for a Exception hit and then sending it.
	 <p>Exceptions can be used to collect data on the number and type of crashes and exceptions that occur in
	 your app.</p>
	 ]]></description>
<example><![CDATA[<listing version="3.0">
	 var tracker:ITracker = Analytics.getInstance().getTracker("UA-0000-0");
	 tracker.buildException(false).withDescription("Some error occurred, but it wasn't so bad.").track();
	 </listing>
	 ]]></example>
<param><![CDATA[fatal true if it was a blocking error, false otherwise.
	 ]]></param>
<return><![CDATA[a builder to help setup the optional fields and send the hit.
	 ]]></return>
<see><![CDATA[IExceptionBuilder
	 ]]></see>
<see><![CDATA[https://developers.google.com/analytics/devguides/collection/ios/v2/exceptions
	 ]]></see>
</method>
<method name='buildSocial' fullname='eu.alebianco.air.extensions.analytics.api:ITracker/eu.alebianco.air.extensions.analytics.api:ITracker:buildSocial' isStatic='false' isFinal='false' isOverride='false'  param_names='network;action' param_types='String;String' param_defaults='undefined;undefined' result_type='eu.alebianco.air.extensions.analytics.api:ISocialBuilder'>
<description><![CDATA[
	 Creates a builder, with the mandatory parameters, to setup all the model fields for a Social hit and then sending it.
	 <p>Collecting data about social interaction tracking allows you to track a user's interactions with various
	 social network sharing and recommendation widgets embedded in your content.</p>
	 ]]></description>
<example><![CDATA[<listing version="3.0">
	 var tracker:ITracker = Analytics.getInstance().getTracker("UA-0000-0");
	 tracker.buildSocial("Facebook", "like").forContent("http://alessandrobianco.eu").track();
	 </listing>
	 ]]></example>
<param><![CDATA[network represents the social network with which the user is interacting (e.g. Google+, Facebook, Twitter, etc.).
	 ]]></param>
<param><![CDATA[action represents the social action taken (e.g. Like, Share, +1, etc.).
	 ]]></param>
<return><![CDATA[a builder to help setup the optional fields and send the hit.
	 ]]></return>
<see><![CDATA[ISocialBuilder
	 ]]></see>
<see><![CDATA[https://developers.google.com/analytics/devguides/collection/ios/v2/social
	 ]]></see>
</method>
<method name='buildTiming' fullname='eu.alebianco.air.extensions.analytics.api:ITracker/eu.alebianco.air.extensions.analytics.api:ITracker:buildTiming' isStatic='false' isFinal='false' isOverride='false'  param_names='category;interval' param_types='String;uint' param_defaults='undefined;undefined' result_type='eu.alebianco.air.extensions.analytics.api:ITimingBuilder'>
<description><![CDATA[
	 Creates a builder, with the mandatory parameters, to setup all the model fields for a Timing hit and then sending it.
	 <p>Timings can be used to track period of times, such as the time spent loading assets.</p>
	 ]]></description>
<example><![CDATA[<listing version="3.0">
	 var tracker:ITracker = Analytics.getInstance().getTracker("UA-0000-0");
	 tracker.buildTiming("loading", 7).withLabel("resources").withName("level-1").track();
	 </listing>
	 ]]></example>
<param><![CDATA[category the timing category.
	 ]]></param>
<param><![CDATA[interval the timing measurement, in seconds.
	 ]]></param>
<return><![CDATA[a builder to help setup the optional fields and send the hit.
	 ]]></return>
<see><![CDATA[ITimingBuilder
	 ]]></see>
<see><![CDATA[https://developers.google.com/analytics/devguides/collection/ios/v2/usertimings
	 ]]></see>
</method>
<method name='buildTransaction' fullname='eu.alebianco.air.extensions.analytics.api:ITracker/eu.alebianco.air.extensions.analytics.api:ITracker:buildTransaction' isStatic='false' isFinal='false' isOverride='false'  param_names='id;cost' param_types='String;Number' param_defaults='undefined;undefined' result_type='eu.alebianco.air.extensions.analytics.api:ITransactionBuilder'>
<description><![CDATA[
	 Creates a builder, with the mandatory parameters, to setup all the model fields for a Transaction hit and then sending it.
	 <p>Ecommerce tracking allows you to track in-app purchases and sales. Ecommerce data in Google Analytics is
	 generally comprised of transactions and items, related by a shared transaction ID, that relationship is
	 established by creating a transaction object and adding items to it.</p>
	 ]]></description>
<example><![CDATA[<listing version="3.0">
	 var tracker:ITracker = Analytics.getInstance().getTracker("UA-0000-0");
	 tracker.buildTransaction("id-0000", 10)
	        .withTaxCost(0.5)
	        .createProduct("cr-300", "300 credits pack", 7, 1).inCategory("credits").add()
	        .createProduct("it-156", "extra life item", 1.5, 2).add()
	        .track();
	 </listing>
	 ]]></example>
<param><![CDATA[id identifier for the Transaction. transactionId must not be null or the empty string.
	 ]]></param>
<param><![CDATA[cost the total cost for the Transaction (in your currency, will be translated in micros later).
	 ]]></param>
<return><![CDATA[a builder to help setup the optional fields and send the hit.
	 ]]></return>
<see><![CDATA[ITransactionBuilder
	 ]]></see>
<see><![CDATA[https://developers.google.com/analytics/devguides/collection/ios/v2/ecommerce
	 ]]></see>
</method>
<method name='buildView' fullname='eu.alebianco.air.extensions.analytics.api:ITracker/eu.alebianco.air.extensions.analytics.api:ITracker:buildView' isStatic='false' isFinal='false' isOverride='false'  param_names='screenName' param_types='String' param_defaults='undefined' result_type='eu.alebianco.air.extensions.analytics.api:IViewBuilder'>
<description><![CDATA[
	 Creates a builder, with the mandatory parameters, to setup all the model fields for a View hit and then sending it.
	 <p>Collecting data about screen views allows you to see which content is being viewed most by your users, and
	 how are they are navigating between different pieces of content.</p>
	 ]]></description>
<example><![CDATA[<listing version="3.0">
	 var tracker:ITracker = Analytics.getInstance().getTracker("UA-0000-0");
	 tracker.buildView("home").track();
	 </listing>
	 ]]></example>
<param><![CDATA[screenName the name of the section being viewed.
	 ]]></param>
<return><![CDATA[a builder to help setup the optional fields and send the hit.
	 ]]></return>
<see><![CDATA[IViewBuilder
	 ]]></see>
<see><![CDATA[https://developers.google.com/analytics/devguides/collection/ios/v2/screens
	 ]]></see>
</method>
<method name='clearCustomDimension' fullname='eu.alebianco.air.extensions.analytics.api:ITracker/eu.alebianco.air.extensions.analytics.api:ITracker:clearCustomDimension' isStatic='false' isFinal='false' isOverride='false'  param_names='index' param_types='uint' param_defaults='undefined' result_type='void'>
<description><![CDATA[
	 Clears the value for a custom dimension.
	 ]]></description>
<param><![CDATA[index the metric slot, must be greater then one.
	 ]]></param>
<see><![CDATA[https://developers.google.com/analytics/devguides/collection/ios/v2/customdimsmets
	 ]]></see>
<throws><![CDATA[ArgumentError if the index is lower than one.
	 ]]></throws>
</method>
<method name='clearCustomMetric' fullname='eu.alebianco.air.extensions.analytics.api:ITracker/eu.alebianco.air.extensions.analytics.api:ITracker:clearCustomMetric' isStatic='false' isFinal='false' isOverride='false'  param_names='index' param_types='uint' param_defaults='undefined' result_type='void'>
<description><![CDATA[
	 Clears the value for a custom metric.
	 ]]></description>
<param><![CDATA[index the metric slot, must be greater then one.
	 ]]></param>
<see><![CDATA[https://developers.google.com/analytics/devguides/collection/ios/v2/customdimsmets
	 ]]></see>
<throws><![CDATA[ArgumentError if the index is lower than one.
	 ]]></throws>
</method>
<method name='setCustomDimension' fullname='eu.alebianco.air.extensions.analytics.api:ITracker/eu.alebianco.air.extensions.analytics.api:ITracker:setCustomDimension' isStatic='false' isFinal='false' isOverride='false'  param_names='index;value' param_types='uint;String' param_defaults='undefined;undefined' result_type='void'>
<description><![CDATA[
	 Sets the value for a custom dimension.
	 <p>Note that all custom metrics are sent with the next hit then cleared.</p>
	 ]]></description>
<param><![CDATA[index the metric slot, must be greater then one.
	 ]]></param>
<param><![CDATA[value the metric value.
	 ]]></param>
<see><![CDATA[https://developers.google.com/analytics/devguides/collection/ios/v2/customdimsmets
	 ]]></see>
<throws><![CDATA[ArgumentError if the index is lower than one.
	 ]]></throws>
</method>
<method name='setCustomMetric' fullname='eu.alebianco.air.extensions.analytics.api:ITracker/eu.alebianco.air.extensions.analytics.api:ITracker:setCustomMetric' isStatic='false' isFinal='false' isOverride='false'  param_names='index;value' param_types='uint;int' param_defaults='undefined;undefined' result_type='void'>
<description><![CDATA[
	 Sets the value for a custom metric.
	 <p>Note that all custom metrics are sent with the next hit then cleared.</p>
	 ]]></description>
<param><![CDATA[index the metric slot, must be greater then one.
	 ]]></param>
<param><![CDATA[value the metric value.
	 ]]></param>
<see><![CDATA[https://developers.google.com/analytics/devguides/collection/ios/v2/customdimsmets
	 ]]></see>
<throws><![CDATA[ArgumentError if the index is lower than one.
	 ]]></throws>
</method>
<method name='startNewSession' fullname='eu.alebianco.air.extensions.analytics.api:ITracker/eu.alebianco.air.extensions.analytics.api:ITracker:startNewSession' isStatic='false' isFinal='false' isOverride='false'  result_type='void'>
<description><![CDATA[
	 Specifies whether a new session should be started.
	 <p>This method does not send a hit, but will add a parameters to the next hit marking it as the beginning
	 of a new session.</p>
	 <p>Note that when a tracker is first instantiated, this is initialized to true.</p>
	 ]]></description>
</method>
<method name='anonymous' fullname='eu.alebianco.air.extensions.analytics.api:ITracker/eu.alebianco.air.extensions.analytics.api:ITracker:anonymous/get' isStatic='false' isFinal='false' isOverride='false'  result_type='Boolean'>
<description><![CDATA[
	 Indicates if the anonymous mode is enabled.
	 <p>When the anonymous mode is enabled, Google Analytics will anonymize the IP address information collected by
	 zeroing out some of the least significant bits of the address.</p>
	 ]]></description>
<default><![CDATA[false
	 ]]></default>
</method>
<method name='appID' fullname='eu.alebianco.air.extensions.analytics.api:ITracker/eu.alebianco.air.extensions.analytics.api:ITracker:appID/get' isStatic='false' isFinal='false' isOverride='false'  result_type='String'>
<description><![CDATA[
	 The application ID.
	 <p>If not set by the Google tracker, it will be retrieved from the application descriptor.</p>
	 <p>Note that if you wish to override it, you should do it before tracking any data.</p>
	 ]]></description>
</method>
<method name='appName' fullname='eu.alebianco.air.extensions.analytics.api:ITracker/eu.alebianco.air.extensions.analytics.api:ITracker:appName/get' isStatic='false' isFinal='false' isOverride='false'  result_type='String'>
<description><![CDATA[
	 ]]></description>
<private><![CDATA[]]></private>
</method>
<method name='appVersion' fullname='eu.alebianco.air.extensions.analytics.api:ITracker/eu.alebianco.air.extensions.analytics.api:ITracker:appVersion/get' isStatic='false' isFinal='false' isOverride='false'  result_type='String'>
<description><![CDATA[
	 The application version.
	 <p>By default it will be retrieved from the application descriptor.</p>
	 <p>Note that if you wish to override it, you should do it before tracking any data.</p>
	 ]]></description>
</method>
<method name='sampleRate' fullname='eu.alebianco.air.extensions.analytics.api:ITracker/eu.alebianco.air.extensions.analytics.api:ITracker:sampleRate/get' isStatic='false' isFinal='false' isOverride='false'  result_type='Number'>
<description><![CDATA[
	 Controls the probability that the client will be sampled.
	 <p>SampleRate may be set to any value between 0 and 100, inclusive. A value of 90 means 90% of visitors should
	 be sampled (10% of visitors to be sampled out).</p>
	 ]]></description>
<default><![CDATA[100
	 ]]></default>
</method>
<method name='secure' fullname='eu.alebianco.air.extensions.analytics.api:ITracker/eu.alebianco.air.extensions.analytics.api:ITracker:secure/get' isStatic='false' isFinal='false' isOverride='false'  result_type='Boolean'>
<description><![CDATA[
	 Indicates if a secure connection should be used.
	 <p>Tracking information collected while this is true will be submitted to Google Analytics using HTTPS
	 connection(s); otherwise, HTTP will be used.</p>
	 ]]></description>
<default><![CDATA[false
	 ]]></default>
</method>
<method name='sessionTimeout' fullname='eu.alebianco.air.extensions.analytics.api:ITracker/eu.alebianco.air.extensions.analytics.api:ITracker:sessionTimeout/get' isStatic='false' isFinal='false' isOverride='false'  result_type='uint'>
<description><![CDATA[
	 Indicates the interval of time, in seconds, of inactivity (application in background) after which a new session is started.
	 ]]></description>
<default><![CDATA[30
	 ]]></default>
<see><![CDATA[https://developers.google.com/analytics/devguides/collection/ios/v2/sessions
	 ]]></see>
</method>
<method name='trackingID' fullname='eu.alebianco.air.extensions.analytics.api:ITracker/eu.alebianco.air.extensions.analytics.api:ITracker:trackingID/get' isStatic='false' isFinal='false' isOverride='false'  result_type='String'>
<description><![CDATA[
	 The Google Analytics account to which the data will be sent.
	 ]]></description>
</method>
<method name='anonymous' fullname='eu.alebianco.air.extensions.analytics.api:ITracker/eu.alebianco.air.extensions.analytics.api:ITracker:anonymous/set' isStatic='false' isFinal='false' isOverride='false'  param_names='value' param_types='Boolean' param_defaults='undefined' result_type='void'>
<description><![CDATA[
	 ]]></description>
<private><![CDATA[]]></private>
</method>
<method name='appID' fullname='eu.alebianco.air.extensions.analytics.api:ITracker/eu.alebianco.air.extensions.analytics.api:ITracker:appID/set' isStatic='false' isFinal='false' isOverride='false'  param_names='value' param_types='String' param_defaults='undefined' result_type='void'>
<description><![CDATA[
	 ]]></description>
<private><![CDATA[]]></private>
</method>
<method name='appName' fullname='eu.alebianco.air.extensions.analytics.api:ITracker/eu.alebianco.air.extensions.analytics.api:ITracker:appName/set' isStatic='false' isFinal='false' isOverride='false'  param_names='value' param_types='String' param_defaults='undefined' result_type='void'>
<description><![CDATA[
	 The application name.
	 <p>By default it will be retrieved from the application descriptor.</p>
	 <p>Note that if you wish to override it, you should do it before tracking any data.</p>
	 ]]></description>
</method>
<method name='appVersion' fullname='eu.alebianco.air.extensions.analytics.api:ITracker/eu.alebianco.air.extensions.analytics.api:ITracker:appVersion/set' isStatic='false' isFinal='false' isOverride='false'  param_names='value' param_types='String' param_defaults='undefined' result_type='void'>
<description><![CDATA[
	 ]]></description>
<private><![CDATA[]]></private>
</method>
<method name='sampleRate' fullname='eu.alebianco.air.extensions.analytics.api:ITracker/eu.alebianco.air.extensions.analytics.api:ITracker:sampleRate/set' isStatic='false' isFinal='false' isOverride='false'  param_names='value' param_types='Number' param_defaults='undefined' result_type='void'>
<description><![CDATA[
	 ]]></description>
<private><![CDATA[]]></private>
</method>
<method name='secure' fullname='eu.alebianco.air.extensions.analytics.api:ITracker/eu.alebianco.air.extensions.analytics.api:ITracker:secure/set' isStatic='false' isFinal='false' isOverride='false'  param_names='value' param_types='Boolean' param_defaults='undefined' result_type='void'>
<description><![CDATA[
	 ]]></description>
<private><![CDATA[]]></private>
</method>
<method name='sessionTimeout' fullname='eu.alebianco.air.extensions.analytics.api:ITracker/eu.alebianco.air.extensions.analytics.api:ITracker:sessionTimeout/set' isStatic='false' isFinal='false' isOverride='false'  param_names='value' param_types='uint' param_defaults='undefined' result_type='void'>
<description><![CDATA[
	 ]]></description>
<private><![CDATA[]]></private>
</method>
<packageRec name='eu.alebianco.air.extensions.analytics.api.null' fullname='eu.alebianco.air.extensions.analytics.api.null'>
<description><![CDATA[
 Project: ANE-Google-Analytics
  Author:  Alessandro Bianco
 Website: http://alessandrobianco.eu
 Twitter: ]]></description>
<alebianco><![CDATA[Created: 21/12/12 16.34
  Copyright © 2013 Alessandro Bianco
 ]]></alebianco>
</packageRec>
<interfaceRec name='IAnalytics' fullname='eu.alebianco.air.extensions.analytics.api:IAnalytics' sourcefile='/LocalStorage/AndrewStart/Projects/ANE-Google-Analytics/source/actionscript/default/src/eu/alebianco/air/extensions/analytics/api/IAnalytics.as' namespace='eu.alebianco.air.extensions.analytics.api' access='public' baseClasses='eu.alebianco.core:IDisposable' isFinal='false' isDynamic='false' >
<description><![CDATA[
 Manages the trackers and provide facilities to dispatch the collected hits and set behavioral flags.
 ]]></description>
</interfaceRec>
<method name='closeTracker' fullname='eu.alebianco.air.extensions.analytics.api:IAnalytics/eu.alebianco.air.extensions.analytics.api:IAnalytics:closeTracker' isStatic='false' isFinal='false' isOverride='false'  param_names='trackingId' param_types='String' param_defaults='undefined' result_type='void'>
<description><![CDATA[
	 Dispose the tracker for the given ID, if it exists.
	 <p>After being disposed the tracker can't be used anymore and should be recreated using getTracker().</p>
	 ]]></description>
<param><![CDATA[trackingId String in the form UA-xxxx-y
	 ]]></param>
<see><![CDATA[#getTracker()
	 ]]></see>
<throws><![CDATA[ArgumentError if the trackingId specified doesn't match the requested format.
	 ]]></throws>
</method>
<method name='dispatch' fullname='eu.alebianco.air.extensions.analytics.api:IAnalytics/eu.alebianco.air.extensions.analytics.api:IAnalytics:dispatch' isStatic='false' isFinal='false' isOverride='false'  result_type='void'>
<description><![CDATA[
	 Dispatches queued hits (view, events, etc) to Google Analytics if a network connection is available.
	 <p>This has no effect on the dispatch interval and it can be used in conjunction with automatic dispatching to
	 force the dispatch at any point, like before exiting the application.</p>
	 ]]></description>
</method>
<method name='getTracker' fullname='eu.alebianco.air.extensions.analytics.api:IAnalytics/eu.alebianco.air.extensions.analytics.api:IAnalytics:getTracker' isStatic='false' isFinal='false' isOverride='false'  param_names='trackingId' param_types='String' param_defaults='undefined' result_type='eu.alebianco.air.extensions.analytics.api:ITracker'>
<description><![CDATA[
	 Returns a tracker for the specified Google Analytics account ID.
	 <p>When the tracker is created, some information about the current application (id, name and version) are
	 automatically set. They can be overridden before tracking any kind of data.</p>
	 <p>Multiple trackers can be created for multiple accounts. If a tracker for a given ID has already been created,
	 and not yet disposed, the existing instance will be returned.</p>
	 ]]></description>
<param><![CDATA[trackingId String in the form UA-xxxx-y
	 ]]></param>
<return><![CDATA[The tracker from which send tracking events to Google Analytics
	 ]]></return>
<throws><![CDATA[ArgumentError if the trackingId specified doesn't match the requested format.
	 ]]></throws>
</method>
<method name='hasTracker' fullname='eu.alebianco.air.extensions.analytics.api:IAnalytics/eu.alebianco.air.extensions.analytics.api:IAnalytics:hasTracker' isStatic='false' isFinal='false' isOverride='false'  param_names='trackingId' param_types='String' param_defaults='undefined' result_type='Boolean'>
<description><![CDATA[
	 Checks whether a tracker for the given ID already exists or not.
	 ]]></description>
<param><![CDATA[trackingId String in the form UA-xxxx-y
	 ]]></param>
<return><![CDATA[true if the tracker already exists, false otherwise.
	 ]]></return>
<throws><![CDATA[ArgumentError if the trackingId specified doesn't match the requested format.
	 ]]></throws>
</method>
<method name='debug' fullname='eu.alebianco.air.extensions.analytics.api:IAnalytics/eu.alebianco.air.extensions.analytics.api:IAnalytics:debug/get' isStatic='false' isFinal='false' isOverride='false'  result_type='Boolean'>
<description><![CDATA[
	 Indicates whether or not the debug mode is enabled.
	 <p>When debug is enabled, the Google tracker will write additional messages to the device logs.</p>
	 ]]></description>
<default><![CDATA[false
	 ]]></default>
</method>
<method name='dispatchInterval' fullname='eu.alebianco.air.extensions.analytics.api:IAnalytics/eu.alebianco.air.extensions.analytics.api:IAnalytics:dispatchInterval/get' isStatic='false' isFinal='false' isOverride='false'  result_type='uint'>
<description><![CDATA[
	 Indicates the interval of time, in seconds, between automatic dispatches of events.
	 <p>If zero, dispatching happens on every hit, if the device has internet connectivity.</p>
	 ]]></description>
<default><![CDATA[120
	 ]]></default>
</method>
<method name='dispatchManually' fullname='eu.alebianco.air.extensions.analytics.api:IAnalytics/eu.alebianco.air.extensions.analytics.api:IAnalytics:dispatchManually/get' isStatic='false' isFinal='false' isOverride='false'  result_type='Boolean'>
<description><![CDATA[
	 Indicates whether or not manual dispatching is enabled.
	 <p>When enabled, the application will need to manually dispatch events with the dispatch() method.</p>
	 ]]></description>
<default><![CDATA[false
	 ]]></default>
<see><![CDATA[#dispatch()
	 ]]></see>
</method>
<method name='optOut' fullname='eu.alebianco.air.extensions.analytics.api:IAnalytics/eu.alebianco.air.extensions.analytics.api:IAnalytics:optOut/get' isStatic='false' isFinal='false' isOverride='false'  result_type='Boolean'>
<description><![CDATA[
	 Sets or resets the application-level opt out flag.
	 <p>If set, no hits will be sent to Google Analytics. The value of this flag will persist across app starts.</p>
	 ]]></description>
<default><![CDATA[false
	 ]]></default>
</method>
<method name='version' fullname='eu.alebianco.air.extensions.analytics.api:IAnalytics/eu.alebianco.air.extensions.analytics.api:IAnalytics:version/get' isStatic='false' isFinal='false' isOverride='false'  result_type='String'>
<description><![CDATA[
	 Current version of the extension.
	 ]]></description>
</method>
<method name='debug' fullname='eu.alebianco.air.extensions.analytics.api:IAnalytics/eu.alebianco.air.extensions.analytics.api:IAnalytics:debug/set' isStatic='false' isFinal='false' isOverride='false'  param_names='value' param_types='Boolean' param_defaults='undefined' result_type='void'>
<description><![CDATA[
	 ]]></description>
<private><![CDATA[]]></private>
</method>
<method name='dispatchInterval' fullname='eu.alebianco.air.extensions.analytics.api:IAnalytics/eu.alebianco.air.extensions.analytics.api:IAnalytics:dispatchInterval/set' isStatic='false' isFinal='false' isOverride='false'  param_names='seconds' param_types='uint' param_defaults='undefined' result_type='void'>
<description><![CDATA[
	 ]]></description>
<private><![CDATA[]]></private>
</method>
<method name='dispatchManually' fullname='eu.alebianco.air.extensions.analytics.api:IAnalytics/eu.alebianco.air.extensions.analytics.api:IAnalytics:dispatchManually/set' isStatic='false' isFinal='false' isOverride='false'  param_names='value' param_types='Boolean' param_defaults='undefined' result_type='void'>
<description><![CDATA[
	 ]]></description>
<private><![CDATA[]]></private>
</method>
<method name='optOut' fullname='eu.alebianco.air.extensions.analytics.api:IAnalytics/eu.alebianco.air.extensions.analytics.api:IAnalytics:optOut/set' isStatic='false' isFinal='false' isOverride='false'  param_names='value' param_types='Boolean' param_defaults='undefined' result_type='void'>
<description><![CDATA[
	 ]]></description>
<private><![CDATA[]]></private>
</method>
<packageRec name='eu.alebianco.air.extensions.analytics.api.null' fullname='eu.alebianco.air.extensions.analytics.api.null'>
<description><![CDATA[
 Project: ANE-Google-Analytics
  Author:  Alessandro Bianco
 Website: http://alessandrobianco.eu
 Twitter: ]]></description>
<alebianco><![CDATA[Created: 22/12/12 00.33
  Copyright © 2013 Alessandro Bianco
 ]]></alebianco>
</packageRec>
<interfaceRec name='IEventBuilder' fullname='eu.alebianco.air.extensions.analytics.api:IEventBuilder' sourcefile='/LocalStorage/AndrewStart/Projects/ANE-Google-Analytics/source/actionscript/default/src/eu/alebianco/air/extensions/analytics/api/IEventBuilder.as' namespace='eu.alebianco.air.extensions.analytics.api' access='public' baseClasses='eu.alebianco.air.extensions.analytics.api:IHitBuilder' isFinal='false' isDynamic='false' >
<description><![CDATA[
 Concrete builder to create and track events.
 <p>It exposes methods to setup the optional parameters for an event.</p>
 ]]></description>
</interfaceRec>
<method name='withLabel' fullname='eu.alebianco.air.extensions.analytics.api:IEventBuilder/eu.alebianco.air.extensions.analytics.api:IEventBuilder:withLabel' isStatic='false' isFinal='false' isOverride='false'  param_names='label' param_types='String' param_defaults='undefined' result_type='eu.alebianco.air.extensions.analytics.api:IEventBuilder'>
<description><![CDATA[
	 Sets the label for the Event this Builder will build.
	 ]]></description>
<param><![CDATA[label the event label.
	 ]]></param>
<return><![CDATA[itself
	 ]]></return>
</method>
<method name='withValue' fullname='eu.alebianco.air.extensions.analytics.api:IEventBuilder/eu.alebianco.air.extensions.analytics.api:IEventBuilder:withValue' isStatic='false' isFinal='false' isOverride='false'  param_names='value' param_types='int' param_defaults='undefined' result_type='eu.alebianco.air.extensions.analytics.api:IEventBuilder'>
<description><![CDATA[
	 Sets the value for the Event this Builder will build.
	 ]]></description>
<param><![CDATA[value the event value.
	 ]]></param>
<return><![CDATA[itself
	 ]]></return>
</method>
<packageRec name='eu.alebianco.air.extensions.analytics.api.null' fullname='eu.alebianco.air.extensions.analytics.api.null'>
<description><![CDATA[
 Project: ANE-Google-Analytics
  Author:  Alessandro Bianco
 Website: http://alessandrobianco.eu
 Twitter: ]]></description>
<alebianco><![CDATA[Created: 22/12/12 11.36
  Copyright © 2013 Alessandro Bianco
 ]]></alebianco>
</packageRec>
<interfaceRec name='ITransactionBuilder' fullname='eu.alebianco.air.extensions.analytics.api:ITransactionBuilder' sourcefile='/LocalStorage/AndrewStart/Projects/ANE-Google-Analytics/source/actionscript/default/src/eu/alebianco/air/extensions/analytics/api/ITransactionBuilder.as' namespace='eu.alebianco.air.extensions.analytics.api' access='public' baseClasses='eu.alebianco.air.extensions.analytics.api:IHitBuilder' isFinal='false' isDynamic='false' >
<description><![CDATA[
 Concrete builder to create and track ecommerce transactions.
 <p>It exposes methods to setup the optional parameters for a transaction and add products to it.</p>
 ]]></description>
</interfaceRec>
<method name='createProduct' fullname='eu.alebianco.air.extensions.analytics.api:ITransactionBuilder/eu.alebianco.air.extensions.analytics.api:ITransactionBuilder:createProduct' isStatic='false' isFinal='false' isOverride='false'  param_names='sku;name;price;quantity' param_types='String;String;Number;uint' param_defaults='undefined;undefined;undefined;undefined' result_type='eu.alebianco.air.extensions.analytics.api:IProductBuilder'>
<description><![CDATA[
	 Create a new Product builder.
	 <p>The builder returned can be used to setup the optional parameters of the product and then add it to the
	 current transaction.</p>
	 ]]></description>
<param><![CDATA[sku the product SKU which uniquely identifies it. The sku cannot be null or the empty string.
	 ]]></param>
<param><![CDATA[name the name of the product. The name cannot be null or the empty string.
	 ]]></param>
<param><![CDATA[price the price of the product, expressed in your currency (will be translated in microns automatically).
	 ]]></param>
<param><![CDATA[quantity the quantity purchased.
	 ]]></param>
<return><![CDATA[a new Product builder to finalize the product creation
	 ]]></return>
</method>
<method name='withAffiliation' fullname='eu.alebianco.air.extensions.analytics.api:ITransactionBuilder/eu.alebianco.air.extensions.analytics.api:ITransactionBuilder:withAffiliation' isStatic='false' isFinal='false' isOverride='false'  param_names='affiliation' param_types='String' param_defaults='undefined' result_type='eu.alebianco.air.extensions.analytics.api:ITransactionBuilder'>
<description><![CDATA[
	 Sets the affiliation parameter for the Transaction this Builder will build.
	 ]]></description>
<param><![CDATA[affiliation the new value for affiliation
	 ]]></param>
<return><![CDATA[itself
	 ]]></return>
</method>
<method name='withShippingCost' fullname='eu.alebianco.air.extensions.analytics.api:ITransactionBuilder/eu.alebianco.air.extensions.analytics.api:ITransactionBuilder:withShippingCost' isStatic='false' isFinal='false' isOverride='false'  param_names='cost' param_types='Number' param_defaults='undefined' result_type='eu.alebianco.air.extensions.analytics.api:ITransactionBuilder'>
<description><![CDATA[
	 Sets the shipping cost for the Transaction this Builder will build.
	 ]]></description>
<param><![CDATA[cost thew new tax shipping value, expressed in your currency (will be translated in microns automatically).
	 ]]></param>
<return><![CDATA[]]></return>
</method>
<method name='withTaxCost' fullname='eu.alebianco.air.extensions.analytics.api:ITransactionBuilder/eu.alebianco.air.extensions.analytics.api:ITransactionBuilder:withTaxCost' isStatic='false' isFinal='false' isOverride='false'  param_names='cost' param_types='Number' param_defaults='undefined' result_type='eu.alebianco.air.extensions.analytics.api:ITransactionBuilder'>
<description><![CDATA[
	 Sets the total tax for the Transaction this Builder will build.
	 ]]></description>
<param><![CDATA[cost thew new tax cost value, expressed in your currency (will be translated in microns automatically).
	 ]]></param>
<return><![CDATA[]]></return>
</method>
<packageRec name='eu.alebianco.air.extensions.analytics.api.null' fullname='eu.alebianco.air.extensions.analytics.api.null'>
<description><![CDATA[
 Project: ANE-Google-Analytics
  Author:  Alessandro Bianco
 Website: http://alessandrobianco.eu
 Twitter: ]]></description>
<alebianco><![CDATA[Created: 22/12/12 11.31
  Copyright © 2013 Alessandro Bianco
 ]]></alebianco>
</packageRec>
<interfaceRec name='ISocialBuilder' fullname='eu.alebianco.air.extensions.analytics.api:ISocialBuilder' sourcefile='/LocalStorage/AndrewStart/Projects/ANE-Google-Analytics/source/actionscript/default/src/eu/alebianco/air/extensions/analytics/api/ISocialBuilder.as' namespace='eu.alebianco.air.extensions.analytics.api' access='public' baseClasses='eu.alebianco.air.extensions.analytics.api:IHitBuilder' isFinal='false' isDynamic='false' >
<description><![CDATA[
 Concrete builder to create and track social interactions.
 <p>It exposes methods to setup the optional parameters for a social interaction.</p>
 ]]></description>
</interfaceRec>
<method name='forContent' fullname='eu.alebianco.air.extensions.analytics.api:ISocialBuilder/eu.alebianco.air.extensions.analytics.api:ISocialBuilder:forContent' isStatic='false' isFinal='false' isOverride='false'  param_names='content' param_types='String' param_defaults='undefined' result_type='eu.alebianco.air.extensions.analytics.api:ISocialBuilder'>
<description><![CDATA[
	 Sets the content for the Social interaction this Builder will build.
	 ]]></description>
<param><![CDATA[content represents the content on which the social action is being taken (i.e. a specific article or video).
	 ]]></param>
<return><![CDATA[itself
	 ]]></return>
</method>
<packageRec name='eu.alebianco.air.extensions.analytics.api.null' fullname='eu.alebianco.air.extensions.analytics.api.null'>
<description><![CDATA[
 Project: ANE-Google-Analytics
  Author:  Alessandro Bianco
 Website: http://alessandrobianco.eu
 Twitter: ]]></description>
<alebianco><![CDATA[Created: 22/12/12 01.04
  Copyright © 2013 Alessandro Bianco
 ]]></alebianco>
</packageRec>
<interfaceRec name='IViewBuilder' fullname='eu.alebianco.air.extensions.analytics.api:IViewBuilder' sourcefile='/LocalStorage/AndrewStart/Projects/ANE-Google-Analytics/source/actionscript/default/src/eu/alebianco/air/extensions/analytics/api/IViewBuilder.as' namespace='eu.alebianco.air.extensions.analytics.api' access='public' baseClasses='eu.alebianco.air.extensions.analytics.api:IHitBuilder' isFinal='false' isDynamic='false' >
<description><![CDATA[
 Concrete builder to create and track screen views.
 ]]></description>
</interfaceRec>
<packageRec name='eu.alebianco.air.extensions.analytics.api.null' fullname='eu.alebianco.air.extensions.analytics.api.null'>
<description><![CDATA[
 Project: ANE-Google-Analytics
  Author:  Alessandro Bianco
 Website: http://alessandrobianco.eu
 Twitter: ]]></description>
<alebianco><![CDATA[Created: 22/12/12 11.29
  Copyright © 2013 Alessandro Bianco
 ]]></alebianco>
</packageRec>
<interfaceRec name='ITimingBuilder' fullname='eu.alebianco.air.extensions.analytics.api:ITimingBuilder' sourcefile='/LocalStorage/AndrewStart/Projects/ANE-Google-Analytics/source/actionscript/default/src/eu/alebianco/air/extensions/analytics/api/ITimingBuilder.as' namespace='eu.alebianco.air.extensions.analytics.api' access='public' baseClasses='eu.alebianco.air.extensions.analytics.api:IHitBuilder' isFinal='false' isDynamic='false' >
<description><![CDATA[
 Concrete builder to create and track timed events.
 <p>It exposes methods to setup the optional parameters for a timed event.</p>
 ]]></description>
</interfaceRec>
<method name='withLabel' fullname='eu.alebianco.air.extensions.analytics.api:ITimingBuilder/eu.alebianco.air.extensions.analytics.api:ITimingBuilder:withLabel' isStatic='false' isFinal='false' isOverride='false'  param_names='label' param_types='String' param_defaults='undefined' result_type='eu.alebianco.air.extensions.analytics.api:ITimingBuilder'>
<description><![CDATA[
	 Sets the label for the Timing event this Builder will build.
	 ]]></description>
<param><![CDATA[label the label of the timed event
	 ]]></param>
<return><![CDATA[itself
	 ]]></return>
</method>
<method name='withName' fullname='eu.alebianco.air.extensions.analytics.api:ITimingBuilder/eu.alebianco.air.extensions.analytics.api:ITimingBuilder:withName' isStatic='false' isFinal='false' isOverride='false'  param_names='name' param_types='String' param_defaults='undefined' result_type='eu.alebianco.air.extensions.analytics.api:ITimingBuilder'>
<description><![CDATA[
	 Sets the name for the Timing event this Builder will build.
	 ]]></description>
<param><![CDATA[name the name of the timed event
	 ]]></param>
<return><![CDATA[itself
	 ]]></return>
</method>
<packageRec name='eu.alebianco.air.extensions.analytics.api.null' fullname='eu.alebianco.air.extensions.analytics.api.null'>
<description><![CDATA[
 Project: ANE-Google-Analytics
  Author:  Alessandro Bianco
 Website: http://alessandrobianco.eu
 Twitter: ]]></description>
<alebianco><![CDATA[Created: 22/12/12 11.28
  Copyright © 2013 Alessandro Bianco
 ]]></alebianco>
</packageRec>
<interfaceRec name='IExceptionBuilder' fullname='eu.alebianco.air.extensions.analytics.api:IExceptionBuilder' sourcefile='/LocalStorage/AndrewStart/Projects/ANE-Google-Analytics/source/actionscript/default/src/eu/alebianco/air/extensions/analytics/api/IExceptionBuilder.as' namespace='eu.alebianco.air.extensions.analytics.api' access='public' baseClasses='eu.alebianco.air.extensions.analytics.api:IHitBuilder' isFinal='false' isDynamic='false' >
<description><![CDATA[
 Concrete builder to create and track exceptions.
 <p>It exposes methods to setup the optional parameters for an exception.</p>
 ]]></description>
</interfaceRec>
<method name='withDescription' fullname='eu.alebianco.air.extensions.analytics.api:IExceptionBuilder/eu.alebianco.air.extensions.analytics.api:IExceptionBuilder:withDescription' isStatic='false' isFinal='false' isOverride='false'  param_names='description' param_types='String' param_defaults='undefined' result_type='eu.alebianco.air.extensions.analytics.api:IExceptionBuilder'>
<description><![CDATA[
	 Sets the description for the Exception this Builder will build.
	 ]]></description>
<param><![CDATA[description a description for the current exception (up to 100 characters).
	 ]]></param>
<return><![CDATA[itself
	 ]]></return>
</method>
<packageRec name='eu.alebianco.air.extensions.analytics.null' fullname='eu.alebianco.air.extensions.analytics.null'>
<description><![CDATA[
 Project: ANE-Google-Analytics
  Author:  Alessandro Bianco
 Website: http://alessandrobianco.eu
 Twitter: ]]></description>
<alebianco><![CDATA[Created: 21/12/12 16.21
  Copyright © 2013 Alessandro Bianco
 ]]></alebianco>
</packageRec>
<classRec name='Analytics' fullname='eu.alebianco.air.extensions.analytics:Analytics' sourcefile='/LocalStorage/AndrewStart/Projects/ANE-Google-Analytics/source/actionscript/default/src/eu/alebianco/air/extensions/analytics/Analytics.as' namespace='eu.alebianco.air.extensions.analytics' access='public' baseclass='Object' interfaces='eu.alebianco.air.extensions.analytics.api:IAnalytics' isFinal='true' isDynamic='false' >
<description><![CDATA[
 The entry point of the extension.
 <p>The class is implemented as a Singleton and will manage the trackers and provide facilities to dispatch the
 collected hits and set behavioral flags.</p>
 ]]></description>
</classRec>
<method name='Analytics' fullname='eu.alebianco.air.extensions.analytics:Analytics/Analytics' isStatic='false' isFinal='false' isOverride='false'  result_type='*'>
<description><![CDATA[
	 Analytics constructor.
	 <p>Can't be used directly.</p>
	 <p>The class follows the Singleton Pattern to ensure only one instance exists at any time.
	 Use the getInstance() method to get a reference to the current instance.</p>
	 ]]></description>
<see><![CDATA[#getInstance()
	 ]]></see>
<see><![CDATA[http://en.wikipedia.org/wiki/Singleton_pattern
	 ]]></see>
<throws><![CDATA[Error if trying to instantiate it without the getInstance() method.
	 ]]></throws>
</method>
<method name='closeTracker' fullname='eu.alebianco.air.extensions.analytics:Analytics/closeTracker' isStatic='false' isFinal='false' isOverride='false'  param_names='trackingId' param_types='String' param_defaults='undefined' result_type='void'>
<description><![CDATA[
	 
	 Dispose the tracker for the given ID, if it exists.
	 <p>After being disposed the tracker can't be used anymore and should be recreated using getTracker().</p>
	 ]]></description>
<param><![CDATA[trackingId String in the form UA-xxxx-y
	 ]]></param>
</method>
<method name='dispatch' fullname='eu.alebianco.air.extensions.analytics:Analytics/dispatch' isStatic='false' isFinal='false' isOverride='false'  result_type='void'>
<description><![CDATA[
	 
	 Dispatches queued hits (view, events, etc) to Google Analytics if a network connection is available.
	 <p>This has no effect on the dispatch interval and it can be used in conjunction with automatic dispatching to
	 force the dispatch at any point, like before exiting the application.</p>
	 ]]></description>
</method>
<method name='dispose' fullname='eu.alebianco.air.extensions.analytics:Analytics/dispose' isStatic='false' isFinal='false' isOverride='false'  result_type='void'>
<description><![CDATA[
	 Dispose the extension and clear any object reference to ready it for garbage collection.
	 <p>All existing trackers are closed immediately and can't be used anymore.</p>
	 <p>Existing references to the class will be unusable.</p>
	 <p>The extension can be initialized again by calling getInstance()</p>
	 ]]></description>
<see><![CDATA[#getInstance()
	 ]]></see>
<see><![CDATA[#closeTracker()
	 ]]></see>
</method>
<method name='getInstance' fullname='eu.alebianco.air.extensions.analytics:Analytics/getInstance' isStatic='true' isFinal='false' isOverride='false'  result_type='eu.alebianco.air.extensions.analytics:Analytics'>
<description><![CDATA[
	 Returns a reference to the only instance of the class.
	 ]]></description>
<example><![CDATA[<listing version="3.0">
	 var analytics:IAnalytics = Analytics.getInstance();
	 </listing>
	 ]]></example>
<return><![CDATA[the instance reference.
	 ]]></return>
</method>
<method name='getTracker' fullname='eu.alebianco.air.extensions.analytics:Analytics/getTracker' isStatic='false' isFinal='false' isOverride='false'  param_names='trackingId' param_types='String' param_defaults='undefined' result_type='eu.alebianco.air.extensions.analytics.api:ITracker'>
<description><![CDATA[
	 
	 Returns a tracker for the specified Google Analytics account ID.
	 <p>When the tracker is created, some information about the current application (id, name and version) are
	 automatically set. They can be overridden before tracking any kind of data.</p>
	 <p>Multiple trackers can be created for multiple accounts. If a tracker for a given ID has already been created,
	 and not yet disposed, the existing instance will be returned.</p>
	 ]]></description>
<param><![CDATA[trackingId String in the form UA-xxxx-y
	 ]]></param>
<return><![CDATA[The tracker from which send tracking events to Google Analytics
	 ]]></return>
</method>
<method name='hasTracker' fullname='eu.alebianco.air.extensions.analytics:Analytics/hasTracker' isStatic='false' isFinal='false' isOverride='false'  param_names='trackingId' param_types='String' param_defaults='undefined' result_type='Boolean'>
<description><![CDATA[
	 
	 Checks whether a tracker for the given ID already exists or not.
	 ]]></description>
<param><![CDATA[trackingId String in the form UA-xxxx-y
	 ]]></param>
<return><![CDATA[true if the tracker already exists, false otherwise.
	 ]]></return>
</method>
<method name='isSupported' fullname='eu.alebianco.air.extensions.analytics:Analytics/isSupported' isStatic='true' isFinal='false' isOverride='false'  result_type='Boolean'>
<description><![CDATA[
	 Checks if the extension is supported on the current platform.
	 <p>This is a common best practice for AIR native extensions.</p>
	 ]]></description>
<example><![CDATA[<listing version="3.0">
	 if (Analytics.isSupported()) {
	     ....
	 }
	 </listing>
	 ]]></example>
<internal><![CDATA[this method creates a temporary context to verify the supports and then dispose it.
	 ]]></internal>
<return><![CDATA[true if the extension is supported and can be used, false otherwise.
	 ]]></return>
</method>
<method name='debug' fullname='eu.alebianco.air.extensions.analytics:Analytics/debug/get' isStatic='false' isFinal='false' isOverride='false'  result_type='Boolean'>
<description><![CDATA[
	 
	 Indicates whether or not the debug mode is enabled.
	 <p>When debug is enabled, the Google tracker will write additional messages to the device logs.</p>
	 ]]></description>
</method>
<method name='dispatchInterval' fullname='eu.alebianco.air.extensions.analytics:Analytics/dispatchInterval/get' isStatic='false' isFinal='false' isOverride='false'  result_type='uint'>
<description><![CDATA[
	 
	 Indicates the interval of time, in seconds, between automatic dispatches of events.
	 <p>If zero, dispatching happens on every hit, if the device has internet connectivity.</p>
	 ]]></description>
</method>
<method name='dispatchManually' fullname='eu.alebianco.air.extensions.analytics:Analytics/dispatchManually/get' isStatic='false' isFinal='false' isOverride='false'  result_type='Boolean'>
<description><![CDATA[
	 
	 Indicates whether or not manual dispatching is enabled.
	 <p>When enabled, the application will need to manually dispatch events with the dispatch() method.</p>
	 ]]></description>
</method>
<method name='optOut' fullname='eu.alebianco.air.extensions.analytics:Analytics/optOut/get' isStatic='false' isFinal='false' isOverride='false'  result_type='Boolean'>
<description><![CDATA[
	 
	 Sets or resets the application-level opt out flag.
	 <p>If set, no hits will be sent to Google Analytics. The value of this flag will persist across app starts.</p>
	 ]]></description>
</method>
<method name='version' fullname='eu.alebianco.air.extensions.analytics:Analytics/version/get' isStatic='false' isFinal='false' isOverride='false'  result_type='String'>
<description><![CDATA[
	 
	 Current version of the extension.
	 ]]></description>
</method>
<method name='debug' fullname='eu.alebianco.air.extensions.analytics:Analytics/debug/set' isStatic='false' isFinal='false' isOverride='false'  param_names='value' param_types='Boolean' param_defaults='undefined' result_type='void'>
<description><![CDATA[
	 ]]></description>
<private><![CDATA[]]></private>
</method>
<method name='dispatchInterval' fullname='eu.alebianco.air.extensions.analytics:Analytics/dispatchInterval/set' isStatic='false' isFinal='false' isOverride='false'  param_names='seconds' param_types='uint' param_defaults='undefined' result_type='void'>
<description><![CDATA[
	 ]]></description>
<private><![CDATA[]]></private>
</method>
<method name='dispatchManually' fullname='eu.alebianco.air.extensions.analytics:Analytics/dispatchManually/set' isStatic='false' isFinal='false' isOverride='false'  param_names='value' param_types='Boolean' param_defaults='undefined' result_type='void'>
<description><![CDATA[
	 ]]></description>
<private><![CDATA[]]></private>
</method>
<method name='optOut' fullname='eu.alebianco.air.extensions.analytics:Analytics/optOut/set' isStatic='false' isFinal='false' isOverride='false'  param_names='value' param_types='Boolean' param_defaults='undefined' result_type='void'>
<description><![CDATA[
	 ]]></description>
<private><![CDATA[]]></private>
</method>
<field name='canBuild' fullname='eu.alebianco.air.extensions.analytics:Analytics/private:canBuild' type='Boolean' isStatic='true' isConst='false' >
</field>
<field name='instance' fullname='eu.alebianco.air.extensions.analytics:Analytics/private:instance' type='eu.alebianco.air.extensions.analytics:Analytics' isStatic='true' isConst='false' >
</field>
</asdoc>
